Chromosome,Position,Ref,Alt,rsID,Beta Score,P-value,Odds ratio,Gene Name,Function,Citation,LInks,,,,,,,,,,,,,,,,,,,,
1,62604867,TAATGTGGT,-,rs34483103,0.363183,1 x 10^28,,ANGPTL3,"This gene helps control triglyceride levels and affects the risk of heart disease. When ANGPTL3 is less active, it reduces the chances of coronary artery disease. Blocking ANGPTL3 not only lowers bad cholesterol but also decreases particles linked to heart disease, offering a way to reduce cardiovascular risk.","Mohamed, F., Mansfield, B. S., & Raal, F. J. (2022). ANGPTL3 as a drug target in hyperlipidemia and atherosclerosis. Current Atherosclerosis Reports, 24(12), 959?967. https://doi.org/10.1007/s11883-022-01071-1",https://link.springer.com/article/10.1007/s11883-022-01071-1,,,,,,,,,,,,,,,,,,,,
1,62597922,CTCAA,-,rs398122988,0.358847,2 x 10^18,,ANGPTL3,"This gene emerges as a candidate gene of interest in the context of cardiovascular disease, with its rare coding variants potentially influencing lipid metabolism and cardiovascular health outcomes.","Barton, A. R., Sherman, M. A., Mukamel, R. E., & Loh, P. (2021). Whole-exome imputation within UK Biobank powers rare coding variant association and fine-mapping analyses. Nature Genetics, 53(8), 1260?1269. https://doi.org/10.1038/s41588-021-00892-1",https://www.ncbi.nlm.nih.gov/pmc/articles/PMC8349845/,,,,,,,,,,,,,,,,,,,,
1,62604035,T,"C,A",rs200065546,0.399222,9 x 10^15,,ANGPTL3,"This gene emerges as a candidate gene of interest in the context of cardiovascular disease, with its rare coding variants potentially influencing lipid metabolism and cardiovascular health outcomes.","Barton, A. R., Sherman, M. A., Mukamel, R. E., & Loh, P. (2021). Whole-exome imputation within UK Biobank powers rare coding variant association and fine-mapping analyses. Nature Genetics, 53(8), 1260?1269. https://doi.org/10.1038/s41588-021-00892-1",https://www.ncbi.nlm.nih.gov/pmc/articles/PMC8349845/,,,,,,,,,,,,,,,,,,,,
1,62597945,C,T,rs72649573,0.656,3 x 10-23,,ANGPTL3,This gene emerges as a key player in cardiovascular disease through its involvement in lipid metabolism and its association with plasma protein levels.,"Pietzner, M., Wheeler, E., Carrasco-Zanini, J., CortÇs, A., Koprulu, M., Wîrheide, M. A., Oerton, E., Cook, J. D., Stewart, I. D., Kerrison, N. D., Luan, J., Raffler, J., Arnold, M., Arlt, W., O?Rahilly, S., KastenmÅller, G., Gamazon, E. R., Hingorani, A. D., Scott, R. A., . . . Langenberg, C. (2021). Mapping the proteo-genomic convergence of human diseases. Science, 374(6569). https://doi.org/10.1126/science.abj1541",https://www.science.org/doi/10.1126/science.abj1541?url_ver=Z39.88-2003&rfr_id=ori:rid:crossref.org&rfr_dat=cr_pub%20%200pubmed,,,,,,,,,,,,,,,,,,,,
1,50875994,A,G,rs7545860,,1 x 10-8,,FAF1,"This gene is associated with ectopy, a condition characterized by irregular heartbeats. It is known for making a protein involved in cell death and seems to be important for how the heart functions.","Napier, M. D., Franceschini, N., Gondalia, R., Stewart, J. D., MÇndez-Gir†ldez, R., Sitlani, C. M., Seyerle, A. A., Highland, H. M., Li, Y., Wilhelmsen, K. C., Song, Y., Duan, Q., Roach, J., Yao, J., Guo, X., Taylor, K. D., Heckbert, S. R., Rotter, J. I., North, K. E., . . . Whitsel, E. A. (2018). Genome-wide association study and meta-analysis identify loci associated with ventricular and supraventricular ectopy. Scientific Reports, 8(1). https://doi.org/10.1038/s41598-018-23843-z",https://www.nature.com/articles/s41598-018-23843-z,,,,,,,,,,,,,,,,,,,,
1,55039974,G,"A,T",rs11591147,,3 x 10-10,1.25,PCSK9,"This is a vital regulator of cholesterol levels, particularly LDL-C. It can either increase or decrease circulating cholesterol levels.","Sobati, S., Shakouri, A., Edalati, M., Mohammadnejad, D., Parvan, R., Masoumi, J., & Abdolalizadeh, J. (2020). PCSK9: a key target for the treatment of cardiovascular Disease (CVD). Advanced Pharmaceutical Bulletin, 10(4), 502?511. https://doi.org/10.34172/apb.2020.062",https://www.ncbi.nlm.nih.gov/pmc/articles/PMC7539318/,,,,,,,,,,,,,,,,,,,,
1,201376359,G,A,rs12564445,,5 x 10-8,2.33,TNNT2,"This gene encodes cardiac troponin T (cTnT), is associated with dilated cardiomyopathy (DCM). Mutations in this gene can lead to structural and functional abnormalities in the heart, resulting in heart failure. ","Li, B., Guo, Y., Zhan, Y., Zhou, X., Li, Y., Zhao, C., Sun, N., Xu, C., & Liang, Q. (2021). Cardiac overexpression of XIN prevents dilated cardiomyopathy caused by TNNT2 ?K210 mutation. Frontiers in Cell and Developmental Biology, 9. https://doi.org/10.3389/fcell.2021.691749",https://www.frontiersin.org/articles/10.3389/fcell.2021.691749/full,,,,,,,,,,,,,,,,,,,,
2,43821981,G,"A,C",rs4245786,0.0213,1 x 10-14,,ABCG5,"This gene is like a traffic cop for cholesterol in our bodies. It helps regulate the levels of a specific type of cholesterol called LDL-C, which is often referred to as the ""bad"" cholesterol.","Nomura, A., Emdin, C. A., Won, H. H., Peloso, G. M., Natarajan, P., Ardissino, D., Danesh, J., Schunkert, H., Correa, A., Bown, M. J., Samani, N. J., Erdmann, J., McPherson, R., Watkins, H., Saleheen, D., Elos£a, R., Kawashiri, M., Tada, H., Gupta, N., . . . Kathiresan, S. (2020). HeterozygousABCG5Gene deficiency and risk of coronary artery disease. Circulation: Genomic and Precision Medicine, 13(5), 417?423. https://doi.org/10.1161/circgen.119.002871",https://www.ncbi.nlm.nih.gov/pmc/articles/PMC7983048/,,,,,,,,,,,,,,,,,,,,
2,43839108,G,"A,C",rs11887534,0.055738,5 x 10-10,,ABCG8,"ABCG8 is a key player in cholesterol regulation, and specific genetic variations, may impact cholesterol levels and influence the risk of coronary artery disease. ","Srivastava, A., Garg, N., Srivastava, A., Srivastava, K., & Mittal, B. (2010). Effect of genetic variant (rs11887534) in ABCG8 gene in coronary artery disease and response to atorvastatin therapy. DOAJ (DOAJ: Directory of Open Access Journals). https://doi.org/10.3233/dma-2010-0710",https://www.google.com/url?sa=t&rct=j&q=&esrc=s&source=web&cd=&cad=rja&uact=8&ved=2ahUKEwiGps_X7-2EAxVc8TgGHRSoBGA4ChAWegQIAxAB&url=https%3A%2F%2Fdownloads.hindawi.com%2Fjournals%2Fdm%2F2010%2F357304.pdf&usg=AOvVaw3NFKGj3Dvvq73ywq4QwJTH&opi=89978449,,,,,,,,,,,,,,,,,,,,
2,43845437,G,"C,T",rs4299376,,6 x 10-10,1.06,ABCG8,This gene may play a role in modulating lipid levels and contributing to CAD risk.,Association analyses based on false discovery rate implicate new loci for coronary artery disease. (n.d.). CORE Reader. https://core.ac.uk/reader/111026600?utm_source=linkout,https://core.ac.uk/reader/111026600?utm_source=linkout,,,,,,,,,,,,,,,,,,,,
2,43846742,T,"A,C",rs6544713,0.0492,2 x 10-18,,ABCG8,"This gene is known to be involved in cholesterol metabolism, particularly in the transport of sterols. The variations in this gene could indirectly influence CAD risk through its effects on cholesterol metabolism.","Van Der Harst, P., & Verweij, N. (2018). Identification of 64 novel genetic LOCI provides an expanded view on the genetic architecture of coronary artery disease. Circulation Research, 122(3), 433?443. https://doi.org/10.1161/circresaha.117.312086",https://www.ncbi.nlm.nih.gov/pmc/articles/PMC5805277/,,,,,,,,,,,,,,,,,,,,
2,21021128,G,T,rs10199768,0.11,8 x 10-15,,APOB,"The APOB gene contributes significantly to the regulation of lipid metabolism and atherogenic processes, making it a key player in the development and progression of cardiovascular diseases.","Walldius, G., FairÇ, U. D., Alfredsson, L., Leander, K., Westerholm, P., Malmstrîm, H., Ivert, T., & Hammar, N. (2021). Long-term risk of a major cardiovascular event by apoB, apoA-1, and the apoB/apoA-1 ratio?Experience from the Swedish AMORIS cohort: A cohort study. PLOS Medicine, 18(12), e1003853. https://doi.org/10.1371/journal.pmed.1003853",https://journals.plos.org/plosmedicine/article?id=10.1371/journal.pmed.1003853,,,,,,,,,,,,,,,,,,,,
2,224610843,T,C,rs56337305,0.010282829,5 x 10-8,,CUL3,"This gene is like a key player in a system that keeps our cells tidy by getting rid of unwanted proteins. When things go wrong with this system, it can contribute to heart problems.","Diaz, S., Wang, K., Sjîgren, B., & Liu, X. (2022). Roles of Cullin-RING ubiquitin ligases in cardiovascular diseases. Biomolecules, 12(3), 416. https://doi.org/10.3390/biom12030416",https://www.ncbi.nlm.nih.gov/pmc/articles/PMC8946067/,,,,,,,,,,,,,,,,,,,,
4,148154604,C,T,rs143057152,0.9991503,3 x 10-12,,NR3C2,"NR3C2 is a gene that codes for mineralocorticoid receptors (MRs), which are present in various tissues including the heart. These receptors play a crucial role in cardiac remodeling and arrhythmias. Activation of MRs in cardiac tissue leads to adverse remodeling and increases the risk of arrhythmias.","Braukylien?, R., Aldujeli, A., Haq, A., Maciulevi?ius, L., Jankauskaite, D., Jur?nas, M., Unikas, R., Zabiela, V., Lesauskait?, V., ?imonyt?, S., & ?aliaduonyt?, D. (2022). Impact of Mineralocorticoid Receptor Gene NR3C2 on the Prediction of Functional Classification of Left Ventricular Remodeling and Arrhythmia after Acute Myocardial Infarction. International Journal of Environmental Research and Public Health, 20(1), 12. https://doi.org/10.3390/ijerph20010012",https://www.mdpi.com/1660-4601/20/1/12/pdf,,,,,,,,,,,,,,,,,,,,
5,137676482,G,A,rs11745324,,2 x 10-8,1.05,KLHL3,"It plays a crucial role in certain types of high blood pressure conditions, specifically familial hyperkalemic hypertension (FHHt). This gene is part of a system that regulates sodium reabsorption in the kidneys, and when it doesn't work properly due to mutations, it can lead to increased sodium reabsorption and high blood pressure. ","Glover, M., Ware, J. S., Henry, A., Wolley, M., Walsh, R., Wain, L. V., Xu, S., Hoff, W. G. T., Tobin, M. D., Hall, I. P., Cook, S. A., Gordon, R. D., Stowasser, M., & O?Shaughnessy, K. M. (2014). Detection of mutations in KLHL3 and CUL3 in families with FHHt (familial hyperkalaemic hypertension or Gordon?s syndrome). Clinical Science, 126(10), 721?726. https://doi.org/10.1042/cs20130326",https://www.ncbi.nlm.nih.gov/pmc/articles/PMC3963521/,,,,,,,,,,,,,,,,,,,,
5,173243742,G,"C,T",rs6891790,0.0697,3 x 10-26,,NKX2-5,"NKX2-5 is an important gene that helps in the development of the heart. When there are changes or mutations in this gene, it can cause various heart problems from birth. These issues include problems with the heart's structure, valves, and how it conducts electrical signals. NKX2-5 mutations can lead to conditions like holes in the heart (septal defects), issues with the heart's rhythm (AV block), and abnormalities in heart valves.","Benson, D. W., Silberbach, G. M., Kavanaugh?McHugh, A., Cottrill, C. M., Zhang, Y., Riggs, S., Smalls, O., Johnson, M. C., Watson, M. S., Seidman, J. G., Seidman, C. E., Plowden, J. S., & Kugler, J. D. (1999). Mutations in the cardiac transcription factor NKX2.5 affect diverse cardiac developmental pathways. Journal of Clinical Investigation, 104(11), 1567?1573. https://doi.org/10.1172/jci8154",https://www.ncbi.nlm.nih.gov/pmc/articles/PMC409866/,,,,,,,,,,,,,,,,,,,,
7,22728045,C,"A,G,T",rs2069833,,2 x 10-19,,IL6,"This gene plays a crucial role in atherosclerosis (AS), an inflammatory disease associated with lipid accumulation, inflammation, smooth muscle cell infiltration, and extracellular matrix remodeling. IL-6 is a significant factor in causing heart and blood vessel problems.","Su, J., Luo, M., Liang, N., Gong, S., Chen, W., Huang, W., Tian, Y., & Wang, A. (2021). Interleukin-6: a novel target for Cardio-Cerebrovascular Diseases. Frontiers in Pharmacology, 12. https://doi.org/10.3389/fphar.2021.745061",https://www.ncbi.nlm.nih.gov/pmc/articles/PMC8421530/,,,,,,,,,,,,,,,,,,,,
8,11749887,G,A,rs3735814,,2 x 10-10,,GATA4,"GATA4 is a vital regulator in heart development and repair. In adults, it ensures proper cardiac function and protects the heart from damage. When GATA4 is reduced, heart problems like failure can occur.","Kinnunen, S. M., Tîlli, M., VÑlimÑki, M. J., Gao, E., Szab¢, Z., RysÑ, J., Ferreira, M. P. A., Ohukainen, P., Serpi, R., Correia, A., MÑkilÑ, E., Salonen, J., Hirvonen, J., Santos, H. A., & Ruskoaho, H. (2018). Cardiac actions of a small molecule inhibitor targeting GATA4?NKX2-5 interaction. Scientific Reports, 8(1). https://doi.org/10.1038/s41598-018-22830-8",https://www.nature.com/articles/s41598-018-22830-8,,,,,,,,,,,,,,,,,,,,
8,142877996,G,A,rs28551743,0.1596,3 x 10-14,,CYP11B1,"This gene is involved in cortisol biosynthesis, may impact cardiovascular health through its role in regulating aldosterone levels and steroid metabolism. Dysregulation of CYP11B1 activity could contribute to conditions like hypertension and coronary artery disease, particularly in populations like the Chinese Han.","Huang, X., Chen, Y., & Wang, N. (2022). Genetic variants in CYP11B1 influence the susceptibility to coronary heart disease. BMC Medical Genomics, 15(1). https://doi.org/10.1186/s12920-022-01307-8",https://bmcmedgenomics.biomedcentral.com/articles/10.1186/s12920-022-01307-8,,,,,,,,,,,,,,,,,,,,
9,136494980,C,T,rs3124998,,9 x 10-9,,NOTCH1,"This gene plays a crucial role in the development of atherosclerosis, a chronic inflammatory condition that contributes to cardiovascular diseases. It has complex and context-dependent roles in different cell types involved in atherosclerosis, influencing the progression of cardiovascular diseases.","Marracino, L., Fortini, F., Bouhamida, E., Camponogara, F., Severi, P., Mazzoni, E., Patergnani, S., D?Aniello, E., Campana, R., Pinton, P., Martini, F., Tognon, M., Campo, G., Ferrari, R., Sega, F. V. D., & Rizzo, P. (2021). Adding a ?Notch? to cardiovascular disease therapeutics: a MicroRNA-Based approach. Frontiers in Cell and Developmental Biology, 9. https://doi.org/10.3389/fcell.2021.695114",https://www.frontiersin.org/articles/10.3389/fcell.2021.695114/full,,,,,,,,,,,,,,,,,,,,
10,112996282,A,"G,T",rs4506565,,2 x 10-9,,TCF7L2,"TCF7L2 is a gene associated with cardiovascular disease. The genetic variations within TCF7L2 are linked to an increased risk of developing cardiovascular issues. These variations may influence factors such as blood glucose levels, blood pressure, lipids, and body mass index, which are all important indicators of cardiovascular health. ","He, L., Kernogitski, Y., Kulminskaya, I., Loika, Y., Arbeev, K. G., Loiko, E., Bagley, O., Duan, M., Yashkin, A., Ukraintseva, S., Kovtun, M., & Kulminski, A. M. (2016). Pleiotropic Meta-Analyses of Longitudinal Studies Discover Novel Genetic Variants Associated with Age-Related Diseases. Frontiers in Genetics, 7. https://doi.org/10.3389/fgene.2016.00179",https://www.frontiersin.org/journals/genetics/articles/10.3389/fgene.2016.00179/full,,,,,,,,,,,,,,,,,,,,
11,47333236,C,T,rs1052373,0.0446282,1 x 10-106,,MYBPC3,"This is a gene that plays a crucial role in certain heart conditions, particularly hypertrophic cardiomyopathy (HCM). In HCM, the heart muscle becomes abnormally thick, leading to various problems. The mutations can cause the heart muscle to grow too thick, leading to left ventricular hypertrophy and diastolic dysfunction.","Carrier, L., Mearini, G., ???????????, ?., & Cuello, F. (2015). Cardiac myosin-binding protein C (MYBPC3) in cardiac pathophysiology. Gene, 573(2), 188?197. https://doi.org/10.1016/j.gene.2015.09.008",https://www.sciencedirect.com/science/article/abs/pii/S0378111915010884?via%3Dihub,,,,,,,,,,,,,,,,,,,,
11,42788561,G,A,rs61755606,0.034,5 x 10-7,,WNK4,"This is a gene that plays a role in regulating blood pressure by influencing how the kidneys handle sodium and potassium. These mutations disrupt the normal balance of sodium and potassium in the body, contributing to hypertension.","Guo, X., Ding, J., Xu, H., Xuan, T., Jin, W., Yin, X., Shang, Y., Zhang, F., Zhu, J., & Zheng, L. (2014). Comprehensive Assessment of the Association of WNK4 Polymorphisms with Hypertension: Evidence from a Meta-Analysis. Scientific Reports, 4(1). https://doi.org/10.1038/srep06507",https://www.nature.com/articles/srep06507,,,,,,,,,,,,,,,,,,,,
12,110912851,A,G,rs3782889,,4 x 10-14,1.26,MYL2,"MYL2 crucial for the structure and function of the heart muscle, especially during early development. In adults, it helps regulate the movement and function of cardiac myosin, influencing the heart's pumping activity and overall performance.","Kathiresan, S., & Srivastava, D. (2012). Genetics of human cardiovascular Disease. Cell, 148(6), 1242?1257. https://doi.org/10.1016/j.cell.2012.03.001",https://www.ncbi.nlm.nih.gov/pmc/articles/PMC4496279/,,,,,,,,,,,,,,,,,,,,
12,114355435,C,"G,T",rs883079,,2 x 10-15,1.11,TBX5,"TBX5 is a key gene crucial for cardiovascular health, particularly in heart development. It plays a vital role in the formation of cardiac structures. Mutations in TBX5 are linked to congenital heart diseases. ","Steimle, J. D., & Ip, M. (2017). TBX5. In Current Topics in Developmental Biology (pp. 195?221). https://doi.org/10.1016/bs.ctdb.2016.08.008",https://www.ncbi.nlm.nih.gov/pmc/articles/PMC5371404/,,,,,,,,,,,,,,,,,,,,
14,23418974,C,"G,T",rs28631169,,4 x 10-14,1.07,MYH7,"This gene encodes a protein known as slow/b-cardiac myosin heavy chain (MyHCI). This protein plays a crucial role in both slow, type 1 muscle fibers and the heart ventricles.The mutation in this gene is associated with familial hypertrophic/dilated cardiomyopathy and left ventricular non-compaction cardiomyopathy. These conditions impact the structure and function of the heart, potentially leading to serious cardiac issues.","Fiorillo, C., Astrea, G., Savarese, M., Cassandrini, D., Brisca, G., Trucco, F., Pedemonte, M., Trovato, R., Ruggiero, L., Vercelli, L., D?Amico, A., Tasca, G., Pane, M., Fanin, M., Bello, L., Broda, P., Musumeci, O., Rodolico, C., Messina, S., . . . Bruno, C. (2016). MYH7-related myopathies: clinical, histopathological and imaging findings in a cohort of Italian patients. Orphanet Journal of Rare Diseases, 11(1). https://doi.org/10.1186/s13023-016-0476-1",https://ojrd.biomedcentral.com/articles/10.1186/s13023-016-0476-1,,,,,,,,,,,,,,,,,,,,
15,63071702,C,"A,G,T",rs6738,,,,TPM1,"It plays a significant role in cardiac muscle function. Changes in the TPM1 gene have been linked to a specific heart condition called familial dilated cardiomyopathy, showing how our genes can affect the risk of heart-related problems. ","Yao, Q., Zhang, W., & Zhang, T. (2019). Association of single nucleotide polymorphisms in the 3?UTR region of TPM1 gene with dilated cardiomyopathy. Medicine, 98(44), e17710. https://doi.org/10.1097/md.0000000000017710",https://www.ncbi.nlm.nih.gov/pmc/articles/PMC6946328/,,,,,,,,,,,,,,,,,,,,
15,48610929,A,"C,G,T",rs1018148,0.4312,6 x 10-14,,FBN1,"FBN1 is a gene that causes Marfan syndrome, a rare condition affecting different parts of the body, including the heart. When there's a problem with FBN1, it leads to issues with a protein called fibrillin-1, which is essential for the structure of tissues like the heart and blood vessels. also helps control how cells grow and behave, which can affect heart function.","Aalders, J. G., LÇger, L., Van Der Meeren, L., Van Den Vreken, N., Skirtach, A. G., Sinha, S., De Backer, J., & Van Hengel, J. (2020). Effects of fibrillin mutations on the behavior of heart muscle cells in Marfan syndrome. Scientific Reports, 10(1). https://doi.org/10.1038/s41598-020-73802-w",https://www.ncbi.nlm.nih.gov/pmc/articles/PMC7542175/,,,,,,,,,,,,,,,,,,,,
16,23383078,C,T,rs250567,0.072,1 x 10-7,,SCNN1B,"This is a gene that makes a part of kidney channels called ENaCs. Changes in SCNN1B can lead to Liddle syndrome, causing severe high blood pressure, low potassium, and metabolic alkalosis.","Lu, Y., Liu, X., Zhou, Z., Zhang, D., Sun, L., Zhang, Y., Fan, P., Zhang, L., Liu, Y., Luo, F., & Zhou, X. (2022). A novel Frame-Shift mutation in SCNN1B identified in a Chinese family characterized by Early-Onset hypertension. Frontiers in Cardiovascular Medicine, 9. https://doi.org/10.3389/fcvm.2022.896564",https://www.frontiersin.org/articles/10.3389/fcvm.2022.896564/full,,,,,,,,,,,,,,,,,,,,
16,56895108,G,"A,C",rs12446275,0.0718,4 x 10-6,,SLC12A3,"This is a gene that helps regulate salt balance in the kidneys, influencing blood pressure and cardiovascular health. It plays a vital role in the kidneys by controlling the movement of sodium and chloride, affecting how the body manages salt.","Li, N., & Gu, H. F. (2022). Genetic and biological effects of SLC12A3, a Sodium-Chloride cotransporter, in Gitelman syndrome and diabetic kidney disease. Frontiers in Genetics, 13. https://doi.org/10.3389/fgene.2022.799224",https://www.ncbi.nlm.nih.gov/pmc/articles/PMC9111839/,,,,,,,,,,,,,,,,,,,,
19,11091630,G,T,rs6511720,3.75,2 x 10-6,,LDLR,"This gene is crucial for controlling LDL-C (bad cholesterol) levels, and differences in its genetic makeup affect how cholesterol is inherited and impact the risk of heart diseases, especially coronary artery disease (CAD). ","Linsel-Nitschke, P., Gîtz, A., Erdmann, J., Brënne, I., Braund, P. S., Hengstenberg, C., Stark, K., Fischer, M., Schreiber, S., Mokhtari, N. E. E., SchÑefer, A. S., Schrezenmeier, J., Rubin, D., Hinney, A., Reinehr, T., Roth, C., Ortlepp, J. R., Hanrath, P., Hall, A. S., . . . Schunkert, H. (2008). Lifelong reduction of LDL-Cholesterol related to a common variant in the LDL-Receptor gene decreases the risk of coronary artery Disease?A Mendelian randomisation study. PLOS ONE, 3(8), e2986. https://doi.org/10.1371/journal.pone.0002986",https://journals.plos.org/plosone/article?id=10.1371/journal.pone.0002986,,,,,,,,,,,,,,,,,,,,
19,55153585,G,A,rs11671466,0.028034713,7 x 10-14,,TNNI3,"This is a heart-related gene. Mutations in this gene may lead to different types of heart muscle diseases, affecting how the heart contracts and relaxes.This includes conditions like enlarged heart muscles (HCM), restricted filling (RCM), or weakened pumping ability (DCM), all impacting overall heart health.","Van Den Wijngaard, A., Volders, P. G., Van Tintelen, J. P., Jongbloed, J. D. H., Van Den Berg, M. P., Deprez, R. H. L., Mannens, M. M., Hofmann, N. K., Van Slegtenhorst, M., Dooijes, D., Michels, M., Arens, Y., Jongbloed, R., & Smeets, B. J. J. (2011). Recurrent and founder mutations in the Netherlands: cardiac Troponin I (TNNI3) gene mutations as a cause of severe forms of hypertrophic and restrictive cardiomyopathy. Netherlands Heart Journal, 19(7?8), 344?351. https://doi.org/10.1007/s12471-011-0135-z",https://www.ncbi.nlm.nih.gov/pmc/articles/PMC3144325/,,,,,,,,,,,,,,,,,,,,
